Date,Delta_time,O2.umol_L,Time,Vial,Temp,Net
03/22/2017,0,255.897,T0,A1,12,net1
03/22/2017,0.063,255.099,T0,A1,12,net1
03/22/2017,0.101,254.956,T0,A1,12,net1
03/22/2017,0.618,254.53,T0,A2,12,net1
03/22/2017,0.664,254.277,T0,A2,12,net1
03/22/2017,0.699,253.839,T0,A2,12,net1
03/22/2017,1.098,253.615,T0,A3,12,net1
03/22/2017,1.145,253.039,T0,A3,12,net1
03/22/2017,1.17,252.933,T0,A3,12,net1
03/22/2017,2.197,250.833,T0,B1,17,net1
03/22/2017,2.242,252.321,T0,B1,17,net1
03/22/2017,2.291,253.337,T0,B1,17,net1
03/22/2017,2.767,256.237,T0,B2,17,net1
03/22/2017,2.806,256.445,T0,B2,17,net1
03/22/2017,2.824,256.682,T0,B2,17,net1
03/22/2017,3.228,256.782,T0,B3,17,net1
03/22/2017,3.253,256.618,T0,B3,17,net1
03/22/2017,3.279,256.649,T0,B3,17,net1
03/22/2017,4.873,252.142,T0,C1,19,net1
03/22/2017,4.907,253.109,T0,C1,19,net1
03/22/2017,5.314,256.155,T0,C1,19,net1
03/22/2017,5.731,255.212,T0,C2,19,net1
03/22/2017,5.754,255.32,T0,C2,19,net1
03/22/2017,5.781,255.349,T0,C2,19,net1
03/22/2017,6.234,256.816,T0,C3,19,net1
03/22/2017,6.256,256.892,T0,C3,19,net1
03/22/2017,6.28,256.861,T0,C3,19,net1
03/22/2017,0,252.669,T1,A1,12,net1
03/22/2017,0,252.681,T1,A1,12,net1
03/22/2017,0.077,252.748,T1,A1,12,net1
03/22/2017,0.671,253.267,T1,A2,12,net1
03/22/2017,0.693,253.226,T1,A2,12,net1
03/22/2017,0.713,253.156,T1,A2,12,net1
03/22/2017,1.287,254.119,T1,A3,12,net1
03/22/2017,1.303,253.983,T1,A3,12,net1
03/22/2017,1.32,253.753,T1,A3,12,net1
03/22/2017,2.374,250.265,T1,B1,17,net1
03/22/2017,2.397,250.884,T1,B1,17,net1
03/22/2017,2.423,251.329,T1,B1,17,net1
03/22/2017,2.844,256.198,T1,B2,17,net1
03/22/2017,2.863,256.327,T1,B2,17,net1
03/22/2017,2.881,256.425,T1,B2,17,net1
03/22/2017,3.326,256.005,T1,B3,17,net1
03/22/2017,3.342,256.028,T1,B3,17,net1
03/22/2017,3.356,256.206,T1,B3,17,net1
03/22/2017,4.196,250.775,T1,C1,19,net1
03/22/2017,4.219,251.735,T1,C1,19,net1
03/22/2017,4.241,252.618,T1,C1,19,net1
03/22/2017,4.798,256.509,T1,C2,19,net1
03/22/2017,4.818,256.811,T1,C2,19,net1
03/22/2017,4.834,256.982,T1,C2,19,net1
03/22/2017,5.297,257.147,T1,C3,19,net1
03/22/2017,5.317,257.091,T1,C3,19,net1
03/22/2017,5.334,257.401,T1,C3,19,net1
03/22/2017,0,251.325,T2,A1,12,net1
03/22/2017,0,251.26,T2,A1,12,net1
03/22/2017,0,251.187,T2,A1,12,net1
03/22/2017,0.488,252.382,T2,A2,12,net1
03/22/2017,0.504,252.152,T2,A2,12,net1
03/22/2017,0.52,252.283,T2,A2,12,net1
03/22/2017,0.861,253.335,T2,A3,12,net1
03/22/2017,0.876,253.047,T2,A3,12,net1
03/22/2017,0.89,252.86,T2,A3,12,net1
03/22/2017,1.779,248.299,T2,B1,17,net1
03/22/2017,1.866,251.132,T2,B1,17,net1
03/22/2017,1.92,252.65,T2,B1,17,net1
03/22/2017,2.328,256.071,T2,B2,17,net1
03/22/2017,2.344,256.222,T2,B2,17,net1
03/22/2017,2.359,256.252,T2,B2,17,net1
03/22/2017,2.643,256.095,T2,B3,17,net1
03/22/2017,2.658,256.066,T2,B3,17,net1
03/22/2017,2.671,256.032,T2,B3,17,net1
03/22/2017,3.436,251.288,T2,C1,19,net1
03/22/2017,3.454,251.919,T2,C1,19,net1
03/22/2017,3.473,252.654,T2,C1,19,net1
03/22/2017,3.85,255.589,T2,C2,19,net1
03/22/2017,3.864,255.929,T2,C2,19,net1
03/22/2017,3.879,255.933,T2,C2,19,net1
03/22/2017,4.197,256.424,T2,C3,19,net1
03/22/2017,4.213,256.794,T2,C3,19,net1
03/22/2017,4.227,256.713,T2,C3,19,net1
03/22/2017,0,252.362,T3,A1,12,net1
03/22/2017,0,252.446,T3,A1,12,net1
03/22/2017,0,252.539,T3,A1,12,net1
03/22/2017,0.393,252.495,T3,A2,12,net1
03/22/2017,0.408,252.294,T3,A2,12,net1
03/22/2017,0.422,252.295,T3,A2,12,net1
03/22/2017,0.789,252.438,T3,A3,12,net1
03/22/2017,0.802,252.306,T3,A3,12,net1
03/22/2017,0.815,252.285,T3,A3,12,net1
03/22/2017,1.531,247.326,T3,B1,17,net1
03/22/2017,1.547,247.658,T3,B1,17,net1
03/22/2017,1.562,248.084,T3,B1,17,net1
03/22/2017,1.905,252.558,T3,B2,17,net1
03/22/2017,1.921,252.755,T3,B2,17,net1
03/22/2017,1.941,252.963,T3,B2,17,net1
03/22/2017,2.262,253.002,T3,B3,17,net1
03/22/2017,2.281,252.919,T3,B3,17,net1
03/22/2017,2.296,252.947,T3,B3,17,net1
03/22/2017,3.082,248.586,T3,C1,19,net1
03/22/2017,3.1,249.196,T3,C1,19,net1
03/22/2017,3.117,249.922,T3,C1,19,net1
03/22/2017,3.533,253.684,T3,C2,19,net1
03/22/2017,3.547,254.022,T3,C2,19,net1
03/22/2017,3.562,254.177,T3,C2,19,net1
03/22/2017,3.866,254.404,T3,C3,19,net1
03/22/2017,3.883,254.477,T3,C3,19,net1
03/22/2017,3.895,254.592,T3,C3,19,net1
03/22/2017,0,253.396,T4,A1,12,net1
03/22/2017,0.03,252.942,T4,A1,12,net1
03/22/2017,0.05,252.911,T4,A1,12,net1
03/22/2017,0.387,254.104,T4,A2,12,net1
03/22/2017,0.402,253.925,T4,A2,12,net1
03/22/2017,0.42,253.856,T4,A2,12,net1
03/22/2017,0.802,251.766,T4,A3,12,net1
03/22/2017,0.82,251.867,T4,A3,12,net1
03/22/2017,0.836,251.709,T4,A3,12,net1
03/22/2017,1.611,247.731,T4,B1,17,net1
03/22/2017,1.629,248.061,T4,B1,17,net1
03/22/2017,1.646,248.35,T4,B1,17,net1
03/22/2017,1.998,250.646,T4,B2,17,net1
03/22/2017,2.015,250.588,T4,B2,17,net1
03/22/2017,2.03,250.758,T4,B2,17,net1
03/22/2017,2.52,248.976,T4,B3,17,net1
03/22/2017,2.536,248.939,T4,B3,17,net1
03/22/2017,2.554,248.767,T4,B3,17,net1
03/22/2017,3.475,243.435,T4,C1,19,net1
03/22/2017,3.494,243.778,T4,C1,19,net1
03/22/2017,3.512,244.24,T4,C1,19,net1
03/22/2017,4.18,251.342,T4,C2,19,net1
03/22/2017,4.196,251.233,T4,C2,19,net1
03/22/2017,4.214,251.261,T4,C2,19,net1
03/22/2017,4.763,248.032,T4,C3,19,net1
03/22/2017,4.787,247.781,T4,C3,19,net1
03/22/2017,4.805,247.526,T4,C3,19,net1
03/22/2017,0,253.465,T5,A1,12,net1
03/22/2017,0.04,253.063,T5,A1,12,net1
03/22/2017,0.06,252.962,T5,A1,12,net1
03/22/2017,0.542,251.653,T5,A2,12,net1
03/22/2017,0.549,251.756,T5,A2,12,net1
03/22/2017,0.557,251.954,T5,A2,12,net1
03/22/2017,1.013,251.174,T5,A3,12,net1
03/22/2017,1.04,251.024,T5,A3,12,net1
03/22/2017,1.04,251.001,T5,A3,12,net1
03/22/2017,1.778,247.787,T5,B1,17,net1
03/22/2017,1.831,247.027,T5,B1,17,net1
03/22/2017,1.847,246.98,T5,B1,17,net1
03/22/2017,2.242,247.157,T5,B2,17,net1
03/22/2017,2.258,247.195,T5,B2,17,net1
03/22/2017,2.271,247.348,T5,B2,17,net1
03/22/2017,2.762,243.825,T5,B3,17,net1
03/22/2017,2.78,243.918,T5,B3,17,net1
03/22/2017,2.793,244.016,T5,B3,17,net1
03/22/2017,3.531,238.872,T5,C1,19,net1
03/22/2017,3.551,239.951,T5,C1,19,net1
03/22/2017,3.568,240.633,T5,C1,19,net1
03/22/2017,4.143,242.432,T5,C2,19,net1
03/22/2017,4.157,242.764,T5,C2,19,net1
03/22/2017,4.171,243.075,T5,C2,19,net1
03/22/2017,5.583,239.961,T5,C3,19,net1
03/22/2017,5.599,238.919,T5,C3,19,net1
03/22/2017,5.614,238.104,T5,C3,19,net1
03/22/2017,55.047,250.934,T6,A1,12,net1
03/22/2017,55.064,250.745,T6,A1,12,net1
03/22/2017,55.082,250.775,T6,A1,12,net1
03/22/2017,55.474,250.069,T6,A2,12,net1
03/22/2017,55.523,249.872,T6,A2,12,net1
03/22/2017,55.528,249.451,T6,A2,12,net1
03/22/2017,55.916,251.128,T6,A3,12,net1
03/22/2017,55.931,250.817,T6,A3,12,net1
03/22/2017,55.946,250.762,T6,A3,12,net1
03/22/2017,0,247.623,T6,B1,17,net1
03/22/2017,0.017,247.389,T6,B1,17,net1
03/22/2017,0.032,247.367,T6,B1,17,net1
03/22/2017,0.488,246.344,T6,B2,17,net1
03/22/2017,0.502,246.318,T6,B2,17,net1
03/22/2017,0.516,246.176,T6,B2,17,net1
03/22/2017,0.936,243.911,T6,B3,17,net1
03/22/2017,0.949,243.688,T6,B3,17,net1
03/22/2017,0.963,243.334,T6,B3,17,net1
03/22/2017,1.998,236.729,T6,C1,19,net1
03/22/2017,2.023,237.772,T6,C1,19,net1
03/22/2017,2.045,238.37,T6,C1,19,net1
03/22/2017,2.451,241.144,T6,C2,19,net1
03/22/2017,2.468,241.442,T6,C2,19,net1
03/22/2017,2.484,241.606,T6,C2,19,net1
03/22/2017,2.951,231.714,T6,C3,19,net1
03/22/2017,2.971,230.504,T6,C3,19,net1
03/22/2017,2.992,230.321,T6,C3,19,net1
03/23/2017,0,257.155,T0,A1,12,net2
03/23/2017,0,258.004,T0,A1,12,net2
03/23/2017,0.07,256.388,T0,A1,12,net2
03/23/2017,0.508,265.95,T0,A2,12,net2
03/23/2017,0.53,264.972,T0,A2,12,net2
03/23/2017,0.546,263.88,T0,A2,12,net2
03/23/2017,0.905,255.087,T0,A3,12,net2
03/23/2017,0.925,254.806,T0,A3,12,net2
03/23/2017,0.942,254.539,T0,A3,12,net2
03/23/2017,2.053,250.868,T0,B1,16,net2
03/23/2017,2.089,250.956,T0,B1,16,net2
03/23/2017,2.112,251.37,T0,B1,16,net2
03/23/2017,2.92,249.773,T0,B2,16,net2
03/23/2017,2.937,250.291,T0,B2,16,net2
03/23/2017,2.952,250.697,T0,B2,16,net2
03/23/2017,3.23,254.478,T0,B3,16,net2
03/23/2017,3.248,254.787,T0,B3,16,net2
03/23/2017,3.268,255.343,T0,B3,16,net2
03/23/2017,4.299,250.808,T0,C1,21,net2
03/23/2017,4.319,251.94,T0,C1,21,net2
03/23/2017,4.334,252.869,T0,C1,21,net2
03/23/2017,4.705,249.628,T0,C2,21,net2
03/23/2017,4.725,249.729,T0,C2,21,net2
03/23/2017,4.74,249.763,T0,C2,21,net2
03/23/2017,5.08,248.925,T0,C3,21,net2
03/23/2017,5.096,248.969,T0,C3,21,net2
03/23/2017,5.112,248.741,T0,C3,21,net2
03/23/2017,0,254.607,T1,A1,12,net2
03/23/2017,0,254.588,T1,A1,12,net2
03/23/2017,0,254.326,T1,A1,12,net2
03/23/2017,0.053,254.23,T1,A2,12,net2
03/23/2017,0.387,253.241,T1,A2,12,net2
03/23/2017,0.421,253.084,T1,A2,12,net2
03/23/2017,0.813,253.186,T1,A3,12,net2
03/23/2017,0.828,253.212,T1,A3,12,net2
03/23/2017,0.842,252.978,T1,A3,12,net2
03/23/2017,1.586,246.985,T1,B1,16,net2
03/23/2017,1.605,247.245,T1,B1,16,net2
03/23/2017,1.621,247.499,T1,B1,16,net2
03/23/2017,1.942,249.021,T1,B2,16,net2
03/23/2017,1.957,249.06,T1,B2,16,net2
03/23/2017,1.97,249.029,T1,B2,16,net2
03/23/2017,2.339,249.339,T1,B3,16,net2
03/23/2017,2.354,249.245,T1,B3,16,net2
03/23/2017,2.368,249.355,T1,B3,16,net2
03/23/2017,3.294,246.325,T1,C1,21,net2
03/23/2017,3.325,248.302,T1,C1,21,net2
03/23/2017,3.34,249.185,T1,C1,21,net2
03/23/2017,3.896,251.702,T1,C2,21,net2
03/23/2017,3.913,252.054,T1,C2,21,net2
03/23/2017,3.926,252.261,T1,C2,21,net2
03/23/2017,4.319,252.323,T1,C3,21,net2
03/23/2017,4.334,252.527,T1,C3,21,net2
03/23/2017,4.345,252.891,T1,C3,21,net2
03/23/2017,0,250.648,T2,A1,12,net2
03/23/2017,0,250.574,T2,A1,12,net2
03/23/2017,0,250.479,T2,A1,12,net2
03/23/2017,0.33,250.955,T2,A2,12,net2
03/23/2017,0.346,250.948,T2,A2,12,net2
03/23/2017,0.361,250.947,T2,A2,12,net2
03/23/2017,0.723,251.319,T2,A3,12,net2
03/23/2017,0.751,251.207,T2,A3,12,net2
03/23/2017,0.766,251.092,T2,A3,12,net2
03/23/2017,1.444,250.57,T2,B1,16,net2
03/23/2017,1.465,250.876,T2,B1,16,net2
03/23/2017,1.482,251.098,T2,B1,16,net2
03/23/2017,1.805,253.759,T2,B2,16,net2
03/23/2017,1.825,253.806,T2,B2,16,net2
03/23/2017,1.84,253.82,T2,B2,16,net2
03/23/2017,2.18,253.131,T2,B3,16,net2
03/23/2017,2.195,253.025,T2,B3,16,net2
03/23/2017,2.21,253.077,T2,B3,16,net2
03/23/2017,3.346,251.972,T2,C1,21,net2
03/23/2017,3.367,252.61,T2,C1,21,net2
03/23/2017,3.386,252.914,T2,C1,21,net2
03/23/2017,3.766,244.466,T2,C2,21,net2
03/23/2017,3.782,245.25,T2,C2,21,net2
03/23/2017,3.796,245.96,T2,C2,21,net2
03/23/2017,4.172,250.881,T2,C3,21,net2
03/23/2017,4.189,251.377,T2,C3,21,net2
03/23/2017,4.204,251.648,T2,C3,21,net2
03/23/2017,1.736,246.6,T3,A1,12,net2
03/23/2017,1.75,246.82,T3,A1,12,net2
03/23/2017,1.763,246.932,T3,A1,12,net2
03/23/2017,2.092,249.584,T3,A2,12,net2
03/23/2017,2.104,249.433,T3,A2,12,net2
03/23/2017,2.118,249.333,T3,A2,12,net2
03/23/2017,2.447,249.47,T3,A3,12,net2
03/23/2017,2.46,249.609,T3,A3,12,net2
03/23/2017,2.472,249.723,T3,A3,12,net2
03/23/2017,3.112,249.192,T3,B1,16,net2
03/23/2017,3.13,249.476,T3,B1,16,net2
03/23/2017,3.144,249.666,T3,B1,16,net2
03/23/2017,3.449,250.955,T3,B2,16,net2
03/23/2017,3.463,251.204,T3,B2,16,net2
03/23/2017,3.477,251.062,T3,B2,16,net2
03/23/2017,3.754,250.704,T3,B3,16,net2
03/23/2017,3.768,250.594,T3,B3,16,net2
03/23/2017,3.782,250.488,T3,B3,16,net2
03/23/2017,4.488,235.105,T3,C1,21,net2
03/23/2017,4.509,236.769,T3,C1,21,net2
03/23/2017,4.54,238.969,T3,C1,21,net2
03/23/2017,4.863,244.509,T3,C2,21,net2
03/23/2017,4.878,244.902,T3,C2,21,net2
03/23/2017,4.893,245.033,T3,C2,21,net2
03/23/2017,5.203,246.806,T3,C3,21,net2
03/23/2017,5.217,246.751,T3,C3,21,net2
03/23/2017,5.232,247.103,T3,C3,21,net2
03/24/2017,0,246.839,T4,A1,12,net2
03/24/2017,0.048,246.9,T4,A1,12,net2
03/24/2017,0.068,246.99,T4,A1,12,net2
03/24/2017,0.421,247.464,T4,A2,12,net2
03/24/2017,0.437,247.583,T4,A2,12,net2
03/24/2017,0.451,247.623,T4,A2,12,net2
03/24/2017,0.924,248.651,T4,A3,12,net2
03/24/2017,0.936,248.655,T4,A3,12,net2
03/24/2017,0.95,248.597,T4,A3,12,net2
03/24/2017,1.77,250.678,T4,B1,16,net2
03/24/2017,1.789,250.666,T4,B1,16,net2
03/24/2017,1.805,250.561,T4,B1,16,net2
03/24/2017,2.146,248.967,T4,B2,16,net2
03/24/2017,2.161,248.902,T4,B2,16,net2
03/24/2017,2.175,248.536,T4,B2,16,net2
03/24/2017,2.511,246.58,T4,B3,16,net2
03/24/2017,2.526,246.31,T4,B3,16,net2
03/24/2017,2.54,246.301,T4,B3,16,net2
03/24/2017,3.446,238.849,T4,C1,21,net2
03/24/2017,3.475,239.225,T4,C1,21,net2
03/24/2017,3.49,239.128,T4,C1,21,net2
03/24/2017,3.856,237.838,T4,C2,21,net2
03/24/2017,3.87,237.783,T4,C2,21,net2
03/24/2017,3.885,237.72,T4,C2,21,net2
03/24/2017,4.28,237.472,T4,C3,21,net2
03/24/2017,4.295,237.621,T4,C3,21,net2
03/24/2017,4.318,237.99,T4,C3,21,net2
03/24/2017,0,245.33,T5,A1,12,net2
03/24/2017,0.061,245.074,T5,A1,12,net2
03/24/2017,0.084,245.14,T5,A1,12,net2
03/24/2017,0.394,245.263,T5,A2,12,net2
03/24/2017,0.41,245.166,T5,A2,12,net2
03/24/2017,0.427,245.097,T5,A2,12,net2
03/24/2017,0.745,246.028,T5,A3,12,net2
03/24/2017,0.762,246.032,T5,A3,12,net2
03/24/2017,0.778,246.169,T5,A3,12,net2
03/24/2017,1.517,246.212,T5,B1,16,net2
03/24/2017,1.547,246.018,T5,B1,16,net2
03/24/2017,1.565,245.833,T5,B1,16,net2
03/24/2017,1.969,244.182,T5,B2,16,net2
03/24/2017,1.986,243.997,T5,B2,16,net2
03/24/2017,2.001,244.035,T5,B2,16,net2
03/24/2017,2.385,240.119,T5,B3,16,net2
03/24/2017,2.401,239.546,T5,B3,16,net2
03/24/2017,2.416,239.013,T5,B3,16,net2
03/24/2017,3.65,226.005,T5,C1,21,net2
03/24/2017,3.677,226.202,T5,C1,21,net2
03/24/2017,3.692,226.061,T5,C1,21,net2
03/24/2017,4.038,224.468,T5,C2,21,net2
03/24/2017,4.053,224.203,T5,C2,21,net2
03/24/2017,4.067,224.125,T5,C2,21,net2
03/24/2017,4.405,222.185,T5,C3,21,net2
03/24/2017,4.42,222.435,T5,C3,21,net2
03/24/2017,4.437,222.402,T5,C3,21,net2
03/24/2017,0,241.133,T6,A1,12,net2
03/24/2017,0,241.334,T6,A1,12,net2
03/24/2017,0.031,241.129,T6,A1,12,net2
03/24/2017,0.404,240.303,T6,A2,12,net2
03/24/2017,0.419,240.169,T6,A2,12,net2
03/24/2017,0.432,240.1,T6,A2,12,net2
03/24/2017,0.88,240.941,T6,A3,12,net2
03/24/2017,0.895,241.1,T6,A3,12,net2
03/24/2017,0.909,241.181,T6,A3,12,net2
03/24/2017,1.887,239.201,T6,B1,16,net2
03/24/2017,1.903,239.416,T6,B1,16,net2
03/24/2017,1.918,239.396,T6,B1,16,net2
03/24/2017,2.254,237.586,T6,B2,16,net2
03/24/2017,2.268,237.23,T6,B2,16,net2
03/24/2017,2.281,236.966,T6,B2,16,net2
03/24/2017,2.622,232.855,T6,B3,16,net2
03/24/2017,2.636,232.534,T6,B3,16,net2
03/24/2017,2.649,232.3,T6,B3,16,net2
03/24/2017,3.522,219.06,T6,C1,21,net2
03/24/2017,3.54,218.384,T6,C1,21,net2
03/24/2017,3.558,218.021,T6,C1,21,net2
03/24/2017,3.903,212.926,T6,C2,21,net2
03/24/2017,3.917,212.474,T6,C2,21,net2
03/24/2017,3.931,212.136,T6,C2,21,net2
03/24/2017,4.349,209.297,T6,C3,21,net2
03/24/2017,4.364,209.334,T6,C3,21,net2
03/24/2017,4.38,209.486,T6,C3,21,net2
03/24/2017,0,248.41,T0,A1,12,net3
03/24/2017,0.02,248.386,T0,A1,12,net3
03/24/2017,0.036,248.765,T0,A1,12,net3
03/24/2017,0.519,258.483,T0,A2,12,net3
03/24/2017,0.537,258.717,T0,A2,12,net3
03/24/2017,0.55,258.883,T0,A2,12,net3
03/24/2017,0.938,260.019,T0,A3,12,net3
03/24/2017,0.952,260.009,T0,A3,12,net3
03/24/2017,0.966,260.203,T0,A3,12,net3
03/24/2017,2.034,260.181,T0,B1,15,net3
03/24/2017,2.054,260.663,T0,B1,15,net3
03/24/2017,2.07,261.014,T0,B1,15,net3
03/24/2017,2.541,263.402,T0,B2,15,net3
03/24/2017,2.555,263.59,T0,B2,15,net3
03/24/2017,2.567,263.682,T0,B2,15,net3
03/24/2017,2.922,263.662,T0,B3,15,net3
03/24/2017,2.933,263.699,T0,B3,15,net3
03/24/2017,2.945,263.66,T0,B3,15,net3
03/24/2017,3.763,263.607,T0,C1,22,net3
03/24/2017,3.781,263.902,T0,C1,22,net3
03/24/2017,3.794,264.352,T0,C1,22,net3
03/24/2017,4.12,264.471,T0,C2,22,net3
03/24/2017,4.133,264.888,T0,C2,22,net3
03/24/2017,4.144,264.816,T0,C2,22,net3
03/24/2017,4.436,264.693,T0,C3,22,net3
03/24/2017,4.451,265.096,T0,C3,22,net3
03/24/2017,4.464,265.245,T0,C3,22,net3
03/24/2017,0,248.134,T1,A1,12,net3
03/24/2017,0,248.744,T1,A1,12,net3
03/24/2017,0,249.242,T1,A1,12,net3
03/24/2017,0.385,258.198,T1,A2,12,net3
03/24/2017,0.398,258.276,T1,A2,12,net3
03/24/2017,0.411,258.468,T1,A2,12,net3
03/24/2017,0.906,259.155,T1,A3,12,net3
03/24/2017,0.919,259.232,T1,A3,12,net3
03/24/2017,0.931,259.252,T1,A3,12,net3
03/24/2017,1.601,261.64,T1,B1,15,net3
03/24/2017,1.621,262.25,T1,B1,15,net3
03/24/2017,1.633,262.364,T1,B1,15,net3
03/24/2017,1.969,263.061,T1,B2,15,net3
03/24/2017,1.981,263.37,T1,B2,15,net3
03/24/2017,1.992,263.303,T1,B2,15,net3
03/24/2017,2.322,262.729,T1,B3,15,net3
03/24/2017,2.335,262.963,T1,B3,15,net3
03/24/2017,2.347,262.931,T1,B3,15,net3
03/24/2017,3.499,257.798,T1,C1,22,net3
03/24/2017,3.516,258.219,T1,C1,22,net3
03/24/2017,3.53,258.54,T1,C1,22,net3
03/24/2017,3.975,251.054,T1,C2,22,net3
03/24/2017,3.999,251.618,T1,C2,22,net3
03/24/2017,4.136,255.396,T1,C2,22,net3
03/24/2017,4.459,259.501,T1,C3,22,net3
03/24/2017,4.476,259.795,T1,C3,22,net3
03/24/2017,4.489,260.239,T1,C3,22,net3
03/24/2017,0,249.239,T2,A1,12,net3
03/24/2017,0,250.561,T2,A1,12,net3
03/24/2017,0,249.963,T2,A1,12,net3
03/24/2017,0.372,259.076,T2,A2,12,net3
03/24/2017,0.385,259.308,T2,A2,12,net3
03/24/2017,0.4,259.426,T2,A2,12,net3
03/24/2017,0.796,260.912,T2,A3,12,net3
03/24/2017,0.809,261.011,T2,A3,12,net3
03/24/2017,0.821,261.115,T2,A3,12,net3
03/24/2017,1.845,261.793,T2,B1,15,net3
03/24/2017,1.86,261.889,T2,B1,15,net3
03/24/2017,1.874,261.723,T2,B1,15,net3
03/24/2017,2.266,260.965,T2,B2,15,net3
03/24/2017,2.278,261.191,T2,B2,15,net3
03/24/2017,2.291,261.536,T2,B2,15,net3
03/24/2017,2.642,262.902,T2,B3,15,net3
03/24/2017,2.655,262.863,T2,B3,15,net3
03/24/2017,2.668,263.064,T2,B3,15,net3
03/24/2017,3.596,259.691,T2,C1,22,net3
03/24/2017,3.611,259.51,T2,C1,22,net3
03/24/2017,3.625,258.944,T2,C1,22,net3
03/24/2017,3.99,254.053,T2,C2,22,net3
03/24/2017,4.003,253.741,T2,C2,22,net3
03/24/2017,4.015,253.563,T2,C2,22,net3
03/24/2017,4.36,248.621,T2,C3,22,net3
03/24/2017,4.376,249.95,T2,C3,22,net3
03/24/2017,4.389,250.604,T2,C3,22,net3
03/24/2017,0,249.526,T3,A1,12,net3
03/24/2017,0,248.464,T3,A1,12,net3
03/24/2017,0,249.086,T3,A1,12,net3
03/24/2017,0.395,255.986,T3,A2,12,net3
03/24/2017,0.409,256.202,T3,A2,12,net3
03/24/2017,0.422,256.455,T3,A2,12,net3
03/24/2017,0.734,258.029,T3,A3,12,net3
03/24/2017,0.743,258.283,T3,A3,12,net3
03/24/2017,0.752,258.274,T3,A3,12,net3
03/24/2017,1.572,261.172,T3,B1,15,net3
03/24/2017,1.588,261.049,T3,B1,15,net3
03/24/2017,1.603,260.987,T3,B1,15,net3
03/24/2017,1.932,260.775,T3,B2,15,net3
03/24/2017,1.949,260.751,T3,B2,15,net3
03/24/2017,1.961,260.961,T3,B2,15,net3
03/24/2017,2.296,261.253,T3,B3,15,net3
03/24/2017,2.311,261.438,T3,B3,15,net3
03/24/2017,2.325,261.319,T3,B3,15,net3
03/24/2017,2.963,249.886,T3,C1,22,net3
03/24/2017,2.977,249.081,T3,C1,22,net3
03/24/2017,2.991,248.518,T3,C1,22,net3
03/24/2017,3.405,239.479,T3,C2,22,net3
03/24/2017,3.419,239.3,T3,C2,22,net3
03/24/2017,3.431,239.144,T3,C2,22,net3
03/24/2017,3.809,235.405,T3,C3,22,net3
03/24/2017,3.821,236.442,T3,C3,22,net3
03/24/2017,3.832,237.321,T3,C3,22,net3
03/24/2017,0,250.362,T4,A1,12,net3
03/24/2017,0,250.032,T4,A1,12,net3
03/24/2017,0,250.859,T4,A1,12,net3
03/24/2017,0.586,256.097,T4,A2,12,net3
03/24/2017,0.601,256.143,T4,A2,12,net3
03/24/2017,0.616,256.079,T4,A2,12,net3
03/24/2017,1.022,256.254,T4,A3,12,net3
03/24/2017,1.036,256.273,T4,A3,12,net3
03/24/2017,1.049,256.346,T4,A3,12,net3
03/24/2017,1.751,255.105,T4,B1,15,net3
03/24/2017,1.766,255.278,T4,B1,15,net3
03/24/2017,1.784,255.198,T4,B1,15,net3
03/24/2017,2.171,254.499,T4,B2,15,net3
03/24/2017,2.183,254.692,T4,B2,15,net3
03/24/2017,2.198,255.052,T4,B2,15,net3
03/24/2017,2.623,255.406,T4,B3,15,net3
03/24/2017,2.637,255.415,T4,B3,15,net3
03/24/2017,2.652,255.208,T4,B3,15,net3
03/24/2017,3.451,239.247,T4,C1,22,net3
03/24/2017,3.472,237.018,T4,C1,22,net3
03/24/2017,3.49,235.55,T4,C1,22,net3
03/24/2017,3.804,225.579,T4,C2,22,net3
03/24/2017,3.819,224.879,T4,C2,22,net3
03/24/2017,3.835,224.628,T4,C2,22,net3
03/24/2017,4.207,223.011,T4,C3,22,net3
03/24/2017,4.221,223.626,T4,C3,22,net3
03/24/2017,4.236,224.372,T4,C3,22,net3
03/24/2017,0,239.824,T5,A1,12,net3
03/24/2017,0,240.621,T5,A1,12,net3
03/24/2017,0,241.297,T5,A1,12,net3
03/24/2017,0.376,250.192,T5,A2,12,net3
03/24/2017,0.392,250.478,T5,A2,12,net3
03/24/2017,0.405,250.864,T5,A2,12,net3
03/24/2017,0.674,253.204,T5,A3,12,net3
03/24/2017,0.688,253.21,T5,A3,12,net3
03/24/2017,0.702,253.052,T5,A3,12,net3
03/24/2017,1.278,250.348,T5,B1,15,net3
03/24/2017,1.29,250.098,T5,B1,15,net3
03/24/2017,1.302,249.985,T5,B1,15,net3
03/24/2017,1.555,249.502,T5,B2,15,net3
03/24/2017,1.567,249.856,T5,B2,15,net3
03/24/2017,1.58,249.864,T5,B2,15,net3
03/24/2017,1.827,250.553,T5,B3,15,net3
03/24/2017,1.84,250.194,T5,B3,15,net3
03/24/2017,1.853,250.049,T5,B3,15,net3
03/24/2017,2.665,230.198,T5,C1,22,net3
03/24/2017,2.685,228.12,T5,C1,22,net3
03/24/2017,2.702,226.499,T5,C1,22,net3
03/24/2017,3.285,211.175,T5,C2,22,net3
03/24/2017,3.302,211.073,T5,C2,22,net3
03/24/2017,3.317,211.024,T5,C2,22,net3
03/24/2017,3.701,213.3,T5,C3,22,net3
03/24/2017,3.732,215.277,T5,C3,22,net3
03/24/2017,3.748,216.025,T5,C3,22,net3
03/24/2017,0,244.814,T6,A1,12,net3
03/24/2017,0,244.727,T6,A1,12,net3
03/24/2017,0,244.671,T6,A1,12,net3
03/24/2017,0.333,248.315,T6,A2,12,net3
03/24/2017,0.347,248.455,T6,A2,12,net3
03/24/2017,0.36,249.107,T6,A2,12,net3
03/24/2017,0.794,250.797,T6,A3,12,net3
03/24/2017,0.808,250.655,T6,A3,12,net3
03/24/2017,0.821,250.541,T6,A3,12,net3
03/24/2017,1.451,247.975,T6,B1,15,net3
03/24/2017,1.467,247.78,T6,B1,15,net3
03/24/2017,1.48,247.563,T6,B1,15,net3
03/24/2017,1.863,245.805,T6,B2,15,net3
03/24/2017,1.875,246.117,T6,B2,15,net3
03/24/2017,1.888,246.506,T6,B2,15,net3
03/24/2017,2.226,246.443,T6,B3,15,net3
03/24/2017,2.239,246.153,T6,B3,15,net3
03/24/2017,2.252,245.836,T6,B3,15,net3
03/24/2017,3.098,226.706,T6,C1,22,net3
03/24/2017,3.113,224.346,T6,C1,22,net3
03/24/2017,3.155,219.787,T6,C1,22,net3
03/24/2017,3.532,206.03,T6,C2,22,net3
03/24/2017,3.571,205.449,T6,C2,22,net3
03/24/2017,3.59,204.956,T6,C2,22,net3
03/24/2017,3.972,205.154,T6,C3,22,net3
03/24/2017,4.033,208.511,T6,C3,22,net3
03/24/2017,4.05,209.199,T6,C3,22,net3
03/25/2017,0,252.733,T0,A1,12,net4
03/25/2017,0.031,252.232,T0,A1,12,net4
03/25/2017,0.062,252.084,T0,A1,12,net4
03/25/2017,0.432,251.256,T0,A2,12,net4
03/25/2017,0.448,251.408,T0,A2,12,net4
03/25/2017,0.463,251.261,T0,A2,12,net4
03/25/2017,0.806,251.018,T0,A3,12,net4
03/25/2017,0.822,250.917,T0,A3,12,net4
03/25/2017,0.834,251.035,T0,A3,12,net4
03/25/2017,1.712,253.31,T0,B1,16,net4
03/25/2017,1.73,253.395,T0,B1,16,net4
03/25/2017,1.744,253.155,T0,B1,16,net4
03/25/2017,2.127,254.452,T0,B2,16,net4
03/25/2017,2.141,254.554,T0,B2,16,net4
03/25/2017,2.154,254.758,T0,B2,16,net4
03/25/2017,2.402,255.729,T0,B3,16,net4
03/25/2017,2.415,255.937,T0,B3,16,net4
03/25/2017,2.429,255.904,T0,B3,16,net4
03/25/2017,3.529,254.854,T0,C1,21,net4
03/25/2017,3.545,254.943,T0,C1,21,net4
03/25/2017,3.56,254.992,T0,C1,21,net4
03/25/2017,4.104,256.981,T0,C2,21,net4
03/25/2017,4.121,256.98,T0,C2,21,net4
03/25/2017,4.134,256.762,T0,C2,21,net4
03/25/2017,4.455,255.557,T0,C3,21,net4
03/25/2017,4.469,255.624,T0,C3,21,net4
03/25/2017,4.482,255.735,T0,C3,21,net4
03/25/2017,0,244.208,T1,A1,12,net4
03/25/2017,0.072,243.505,T1,A1,12,net4
03/25/2017,0.088,243.322,T1,A1,12,net4
03/25/2017,0.487,247.379,T1,A2,12,net4
03/25/2017,0.505,247.631,T1,A2,12,net4
03/25/2017,0.523,247.844,T1,A2,12,net4
03/25/2017,0.889,249.646,T1,A3,12,net4
03/25/2017,0.907,249.762,T1,A3,12,net4
03/25/2017,0.924,250.019,T1,A3,12,net4
03/25/2017,1.892,250.565,T1,B1,16,net4
03/25/2017,1.908,250.916,T1,B1,16,net4
03/25/2017,1.929,251.284,T1,B1,16,net4
03/25/2017,2.273,254.968,T1,B2,16,net4
03/25/2017,2.29,254.972,T1,B2,16,net4
03/25/2017,2.306,255.03,T1,B2,16,net4
03/25/2017,2.631,253.333,T1,B3,16,net4
03/25/2017,2.644,253.185,T1,B3,16,net4
03/25/2017,2.657,253.006,T1,B3,16,net4
03/25/2017,3.505,251.173,T1,C1,21,net4
03/25/2017,3.52,251.284,T1,C1,21,net4
03/25/2017,3.537,251.366,T1,C1,21,net4
03/25/2017,4.296,253.005,T1,C2,21,net4
03/25/2017,4.311,253.198,T1,C2,21,net4
03/25/2017,4.324,253.271,T1,C2,21,net4
03/25/2017,4.604,252.859,T1,C3,21,net4
03/25/2017,4.618,252.994,T1,C3,21,net4
03/25/2017,4.63,253.039,T1,C3,21,net4
03/25/2017,0,242.252,T2,A1,12,net4
03/25/2017,0,242.378,T2,A1,12,net4
03/25/2017,0,242.355,T2,A1,12,net4
03/25/2017,0.37,245.94,T2,A2,12,net4
03/25/2017,0.387,246.277,T2,A2,12,net4
03/25/2017,0.407,246.448,T2,A2,12,net4
03/25/2017,0.711,248.614,T2,A3,12,net4
03/25/2017,0.735,248.689,T2,A3,12,net4
03/25/2017,0.756,248.747,T2,A3,12,net4
03/25/2017,2.143,244.981,T2,B1,16,net4
03/25/2017,2.16,245.955,T2,B1,16,net4
03/25/2017,2.175,246.404,T2,B1,16,net4
03/25/2017,2.514,251.082,T2,B2,16,net4
03/25/2017,2.529,251.439,T2,B2,16,net4
03/25/2017,2.542,251.736,T2,B2,16,net4
03/25/2017,3.048,251.026,T2,B3,16,net4
03/25/2017,3.063,251.02,T2,B3,16,net4
03/25/2017,3.079,251.296,T2,B3,16,net4
03/25/2017,3.955,247.345,T2,C1,21,net4
03/25/2017,3.977,247.299,T2,C1,21,net4
03/25/2017,3.994,247.293,T2,C1,21,net4
03/25/2017,4.295,247.981,T2,C2,21,net4
03/25/2017,4.309,248.281,T2,C2,21,net4
03/25/2017,4.322,248.406,T2,C2,21,net4
03/25/2017,4.652,248.679,T2,C3,21,net4
03/25/2017,4.665,249.348,T2,C3,21,net4
03/25/2017,4.677,249.652,T2,C3,21,net4
03/25/2017,0,247.975,T3,A1,12,net4
03/25/2017,0.022,247.802,T3,A1,12,net4
03/25/2017,0.041,247.846,T3,A1,12,net4
03/25/2017,0.291,248.201,T3,A2,12,net4
03/25/2017,0.305,248.348,T3,A2,12,net4
03/25/2017,0.32,248.487,T3,A2,12,net4
03/25/2017,0.61,249.387,T3,A3,12,net4
03/25/2017,0.624,249.407,T3,A3,12,net4
03/25/2017,0.636,249.343,T3,A3,12,net4
03/25/2017,1.683,246.096,T3,B1,16,net4
03/25/2017,1.71,245.739,T3,B1,16,net4
03/25/2017,1.73,245.597,T3,B1,16,net4
03/25/2017,2.006,246.8,T3,B2,16,net4
03/25/2017,2.02,247.101,T3,B2,16,net4
03/25/2017,2.033,247.342,T3,B2,16,net4
03/25/2017,2.355,248.697,T3,B3,16,net4
03/25/2017,2.368,248.399,T3,B3,16,net4
03/25/2017,2.38,248.233,T3,B3,16,net4
03/25/2017,3.57,235.649,T3,C1,21,net4
03/25/2017,3.588,234.826,T3,C1,21,net4
03/25/2017,3.606,234.019,T3,C1,21,net4
03/25/2017,3.945,231.874,T3,C2,21,net4
03/25/2017,3.96,232.764,T3,C2,21,net4
03/25/2017,3.978,233.441,T3,C2,21,net4
03/25/2017,4.304,241.006,T3,C3,21,net4
03/25/2017,4.321,241.554,T3,C3,21,net4
03/25/2017,4.338,242.109,T3,C3,21,net4
03/25/2017,0,248.18,T4,A1,12,net4
03/25/2017,0,248.311,T4,A1,12,net4
03/25/2017,0,248.144,T4,A1,12,net4
03/25/2017,0.286,248.663,T4,A2,12,net4
03/25/2017,0.307,248.482,T4,A2,12,net4
03/25/2017,0.322,248.336,T4,A2,12,net4
03/25/2017,0.632,246.681,T4,A3,12,net4
03/25/2017,0.647,246.731,T4,A3,12,net4
03/25/2017,0.662,246.492,T4,A3,12,net4
03/25/2017,1.472,240.511,T4,B1,16,net4
03/25/2017,1.487,239.883,T4,B1,16,net4
03/25/2017,1.503,239.257,T4,B1,16,net4
03/25/2017,1.772,237.571,T4,B2,16,net4
03/25/2017,1.785,238.038,T4,B2,16,net4
03/25/2017,1.8,238.398,T4,B2,16,net4
03/25/2017,2.11,238.625,T4,B3,16,net4
03/25/2017,2.123,238.314,T4,B3,16,net4
03/25/2017,2.136,237.982,T4,B3,16,net4
03/25/2017,3.053,226.875,T4,C1,21,net4
03/25/2017,3.071,225.578,T4,C1,21,net4
03/25/2017,3.086,224.863,T4,C1,21,net4
03/25/2017,3.689,218.325,T4,C2,21,net4
03/25/2017,3.702,218.921,T4,C2,21,net4
03/25/2017,3.714,219.561,T4,C2,21,net4
03/25/2017,3.938,223.681,T4,C3,21,net4
03/25/2017,3.951,224.314,T4,C3,21,net4
03/25/2017,3.963,224.914,T4,C3,21,net4
03/25/2017,0,251.096,T5,A1,12,net4
03/25/2017,0,250.726,T5,A1,12,net4
03/25/2017,0,250.389,T5,A1,12,net4
03/25/2017,0.33,249.149,T5,A2,12,net4
03/25/2017,0.343,248.961,T5,A2,12,net4
03/25/2017,0.358,249.134,T5,A2,12,net4
03/25/2017,0.668,247.932,T5,A3,12,net4
03/25/2017,0.681,248.01,T5,A3,12,net4
03/25/2017,0.696,247.975,T5,A3,12,net4
03/25/2017,1.662,236.325,T5,B1,16,net4
03/25/2017,1.683,235.316,T5,B1,16,net4
03/25/2017,1.814,232.131,T5,B1,16,net4
03/25/2017,2.089,229.826,T5,B2,16,net4
03/25/2017,2.114,230.506,T5,B2,16,net4
03/25/2017,2.138,231.007,T5,B2,16,net4
03/25/2017,2.524,231.505,T5,B3,16,net4
03/25/2017,2.546,231.018,T5,B3,16,net4
03/25/2017,2.567,230.695,T5,B3,16,net4
03/25/2017,3.379,218.588,T5,C1,21,net4
03/25/2017,3.404,216.912,T5,C1,21,net4
03/25/2017,3.426,215.898,T5,C1,21,net4
03/25/2017,4.005,210.616,T5,C2,21,net4
03/25/2017,4.027,211.361,T5,C2,21,net4
03/25/2017,4.049,211.888,T5,C2,21,net4
03/25/2017,4.382,217.451,T5,C3,21,net4
03/25/2017,4.411,218.438,T5,C3,21,net4
03/25/2017,4.437,219.25,T5,C3,21,net4
03/25/2017,0,226.386,T6,A1,12,net4
03/25/2017,0,225.358,T6,A1,12,net4
03/25/2017,0.019,225.312,T6,A1,12,net4
03/25/2017,0.344,234.879,T6,A2,12,net4
03/25/2017,0.363,235.222,T6,A2,12,net4
03/25/2017,0.385,235.508,T6,A2,12,net4
03/25/2017,0.727,237.523,T6,A3,12,net4
03/25/2017,0.755,237.736,T6,A3,12,net4
03/25/2017,0.787,237.863,T6,A3,12,net4
03/25/2017,1.435,229.08,T6,B1,16,net4
03/25/2017,1.454,228.235,T6,B1,16,net4
03/25/2017,1.471,227.609,T6,B1,16,net4
03/25/2017,1.752,225.104,T6,B2,16,net4
03/25/2017,1.773,225.853,T6,B2,16,net4
03/25/2017,1.796,226.531,T6,B2,16,net4
03/25/2017,2.202,226.88,T6,B3,16,net4
03/25/2017,2.224,226.232,T6,B3,16,net4
03/25/2017,2.246,225.795,T6,B3,16,net4
03/25/2017,2.985,216.362,T6,C1,21,net4
03/25/2017,3.005,215.3,T6,C1,21,net4
03/25/2017,3.031,213.94,T6,C1,21,net4
03/25/2017,3.307,208.275,T6,C2,21,net4
03/25/2017,3.329,208.477,T6,C2,21,net4
03/25/2017,3.353,208.771,T6,C2,21,net4
03/25/2017,3.668,212.636,T6,C3,21,net4
03/25/2017,3.687,213.183,T6,C3,21,net4
03/25/2017,3.704,213.594,T6,C3,21,net4
03/26/2017,0,254.818,T0,A1,12,net5
03/26/2017,0.022,254.416,T0,A1,12,net5
03/26/2017,0.046,254.207,T0,A1,12,net5
03/26/2017,0.428,250.606,T0,A2,12,net5
03/26/2017,0.444,250.743,T0,A2,12,net5
03/26/2017,0.458,250.605,T0,A2,12,net5
03/26/2017,0.791,249.111,T0,A3,12,net5
03/26/2017,0.806,249.198,T0,A3,12,net5
03/26/2017,0.819,249.17,T0,A3,12,net5
03/26/2017,1.539,248.173,T0,B1,16,net5
03/26/2017,1.565,248.495,T0,B1,16,net5
03/26/2017,1.584,248.881,T0,B1,16,net5
03/26/2017,1.88,250.697,T0,B2,16,net5
03/26/2017,1.895,250.882,T0,B2,16,net5
03/26/2017,1.911,250.904,T0,B2,16,net5
03/26/2017,2.256,251.011,T0,B3,16,net5
03/26/2017,2.414,251.497,T0,B3,16,net5
03/26/2017,2.527,251.467,T0,B3,16,net5
03/26/2017,3.393,248.764,T0,C1,21,net5
03/26/2017,3.416,249.256,T0,C1,21,net5
03/26/2017,3.436,249.318,T0,C1,21,net5
03/26/2017,3.855,250.413,T0,C2,21,net5
03/26/2017,3.888,250.921,T0,C2,21,net5
03/26/2017,4.037,251.631,T0,C2,21,net5
03/26/2017,4.371,251.401,T0,C3,21,net5
03/26/2017,4.388,251.442,T0,C3,21,net5
03/26/2017,4.403,251.471,T0,C3,21,net5
03/26/2017,0,233.158,T1,A1,12,net5
03/26/2017,0,233.141,T1,A1,12,net5
03/26/2017,0.045,233.784,T1,A1,12,net5
03/26/2017,0.362,240.69,T1,A2,12,net5
03/26/2017,0.412,241.753,T1,A2,12,net5
03/26/2017,0.509,242.292,T1,A2,12,net5
03/26/2017,0.796,244.719,T1,A3,12,net5
03/26/2017,0.813,245.119,T1,A3,12,net5
03/26/2017,0.833,245.309,T1,A3,12,net5
03/26/2017,1.689,244.552,T1,B1,16,net5
03/26/2017,1.706,245.171,T1,B1,16,net5
03/26/2017,1.725,245.464,T1,B1,16,net5
03/26/2017,2.013,249.687,T1,B2,16,net5
03/26/2017,2.032,250.018,T1,B2,16,net5
03/26/2017,2.047,250.216,T1,B2,16,net5
03/26/2017,2.509,247.79,T1,B3,16,net5
03/26/2017,2.529,248.305,T1,B3,16,net5
03/26/2017,2.545,248.284,T1,B3,16,net5
03/26/2017,3.634,244.213,T1,C1,21,net5
03/26/2017,3.658,244.354,T1,C1,21,net5
03/26/2017,3.677,244.5,T1,C1,21,net5
03/26/2017,4.043,247.876,T1,C2,21,net5
03/26/2017,4.06,248.304,T1,C2,21,net5
03/26/2017,4.076,248.704,T1,C2,21,net5
03/26/2017,4.361,247.973,T1,C3,21,net5
03/26/2017,4.38,248.16,T1,C3,21,net5
03/26/2017,4.4,248.242,T1,C3,21,net5
03/26/2017,0,233.103,T2,A1,12,net5
03/26/2017,0,233.744,T2,A1,12,net5
03/26/2017,0.025,233.006,T2,A1,12,net5
03/26/2017,0.418,243.962,T2,A2,12,net5
03/26/2017,0.442,244.209,T2,A2,12,net5
03/26/2017,0.468,244.561,T2,A2,12,net5
03/26/2017,0.939,246.766,T2,A3,12,net5
03/26/2017,0.958,246.904,T2,A3,12,net5
03/26/2017,0.976,246.915,T2,A3,12,net5
03/26/2017,1.962,245.816,T2,B1,16,net5
03/26/2017,1.989,246.105,T2,B1,16,net5
03/26/2017,2.009,246.375,T2,B1,16,net5
03/26/2017,2.354,248.827,T2,B2,16,net5
03/26/2017,2.377,248.964,T2,B2,16,net5
03/26/2017,2.392,249.102,T2,B2,16,net5
03/26/2017,2.779,248.264,T2,B3,16,net5
03/26/2017,2.797,248.327,T2,B3,16,net5
03/26/2017,2.813,248.463,T2,B3,16,net5
03/26/2017,3.886,245.511,T2,C1,21,net5
03/26/2017,3.91,245.364,T2,C1,21,net5
03/26/2017,3.933,245.363,T2,C1,21,net5
03/26/2017,4.331,247.044,T2,C2,21,net5
03/26/2017,4.353,247.54,T2,C2,21,net5
03/26/2017,4.368,247.435,T2,C2,21,net5
03/26/2017,4.688,247.317,T2,C3,21,net5
03/26/2017,4.707,247.105,T2,C3,21,net5
03/26/2017,4.725,247.014,T2,C3,21,net5
03/26/2017,0,241.564,T3,A1,12,net5
03/26/2017,0,242.181,T3,A1,12,net5
03/26/2017,0.037,240.998,T3,A1,12,net5
03/26/2017,0.34,242.163,T3,A2,12,net5
03/26/2017,0.36,242.289,T3,A2,12,net5
03/26/2017,0.378,242.558,T3,A2,12,net5
03/26/2017,0.696,244.542,T3,A3,12,net5
03/26/2017,0.716,244.79,T3,A3,12,net5
03/26/2017,0.734,244.996,T3,A3,12,net5
03/26/2017,1.47,242.326,T3,B1,16,net5
03/26/2017,1.49,242.724,T3,B1,16,net5
03/26/2017,1.508,243.03,T3,B1,16,net5
03/26/2017,1.737,245.48,T3,B2,16,net5
03/26/2017,1.754,245.59,T3,B2,16,net5
03/26/2017,1.769,245.637,T3,B2,16,net5
03/26/2017,2.037,246.149,T3,B3,16,net5
03/26/2017,2.052,246.342,T3,B3,16,net5
03/26/2017,2.066,246.503,T3,B3,16,net5
03/26/2017,2.929,241.12,T3,C1,21,net5
03/26/2017,2.95,240.282,T3,C1,21,net5
03/26/2017,2.97,240.001,T3,C1,21,net5
03/26/2017,3.269,238.757,T3,C2,21,net5
03/26/2017,3.285,239.331,T3,C2,21,net5
03/26/2017,3.303,239.676,T3,C2,21,net5
03/26/2017,3.621,243.083,T3,C3,21,net5
03/26/2017,3.655,243.187,T3,C3,21,net5
03/26/2017,3.788,243.395,T3,C3,21,net5
03/26/2017,0,247.072,T4,A1,12,net5
03/26/2017,0,247.548,T4,A1,12,net5
03/26/2017,0.025,246.549,T4,A1,12,net5
03/26/2017,0.418,242.909,T4,A2,12,net5
03/26/2017,0.437,242.988,T4,A2,12,net5
03/26/2017,0.455,243.157,T4,A2,12,net5
03/26/2017,0.813,242.228,T4,A3,12,net5
03/26/2017,0.947,242.673,T4,A3,12,net5
03/26/2017,0.97,242.832,T4,A3,12,net5
03/26/2017,1.649,238.68,T4,B1,16,net5
03/26/2017,1.67,238.687,T4,B1,16,net5
03/26/2017,1.698,238.469,T4,B1,16,net5
03/26/2017,1.961,238.252,T4,B2,16,net5
03/26/2017,1.985,238.65,T4,B2,16,net5
03/26/2017,2.004,238.904,T4,B2,16,net5
03/26/2017,2.293,239.275,T4,B3,16,net5
03/26/2017,2.313,239.066,T4,B3,16,net5
03/26/2017,2.329,238.823,T4,B3,16,net5
03/26/2017,2.981,231.54,T4,C1,21,net5
03/26/2017,3.006,230.145,T4,C1,21,net5
03/26/2017,3.03,229.273,T4,C1,21,net5
03/26/2017,3.52,225.842,T4,C2,21,net5
03/26/2017,3.54,226.723,T4,C2,21,net5
03/26/2017,3.557,227.348,T4,C2,21,net5
03/26/2017,3.895,232.469,T4,C3,21,net5
03/26/2017,3.92,232.33,T4,C3,21,net5
03/26/2017,3.939,232.186,T4,C3,21,net5
03/26/2017,0,237.671,T5,A1,12,net5
03/26/2017,0,238.643,T5,A1,12,net5
03/26/2017,0,238.188,T5,A1,12,net5
03/26/2017,0.41,237.44,T5,A2,12,net5
03/26/2017,0.428,237.782,T5,A2,12,net5
03/26/2017,0.446,237.801,T5,A2,12,net5
03/26/2017,0.733,237.977,T5,A3,12,net5
03/26/2017,0.749,238.154,T5,A3,12,net5
03/26/2017,0.766,238.087,T5,A3,12,net5
03/26/2017,1.654,232.123,T5,B1,16,net5
03/26/2017,1.675,231.422,T5,B1,16,net5
03/26/2017,1.696,230.785,T5,B1,16,net5
03/26/2017,1.96,229.103,T5,B2,16,net5
03/26/2017,1.98,229.511,T5,B2,16,net5
03/26/2017,2,229.954,T5,B2,16,net5
03/26/2017,2.296,232.534,T5,B3,16,net5
03/26/2017,2.313,232.096,T5,B3,16,net5
03/26/2017,2.331,231.688,T5,B3,16,net5
03/26/2017,3.15,221.385,T5,C1,21,net5
03/26/2017,3.17,220.059,T5,C1,21,net5
03/26/2017,3.187,218.862,T5,C1,21,net5
03/26/2017,3.491,214.233,T5,C2,21,net5
03/26/2017,3.507,215.182,T5,C2,21,net5
03/26/2017,3.522,215.656,T5,C2,21,net5
03/26/2017,3.805,218.543,T5,C3,21,net5
03/26/2017,3.823,218.625,T5,C3,21,net5
03/26/2017,3.841,218.773,T5,C3,21,net5
03/26/2017,0,212.283,T6,A1,12,net5
03/26/2017,0,212.759,T6,A1,12,net5
03/26/2017,0.05,212.329,T6,A1,12,net5
03/26/2017,0.423,223.466,T6,A2,12,net5
03/26/2017,0.44,224,T6,A2,12,net5
03/26/2017,0.455,224.302,T6,A2,12,net5
03/26/2017,0.748,227.445,T6,A3,12,net5
03/26/2017,0.764,227.608,T6,A3,12,net5
03/26/2017,0.78,227.777,T6,A3,12,net5
03/26/2017,1.383,224.658,T6,B1,16,net5
03/26/2017,1.404,223.653,T6,B1,16,net5
03/26/2017,1.426,222.841,T6,B1,16,net5
03/26/2017,1.695,219.855,T6,B2,16,net5
03/26/2017,1.713,220.442,T6,B2,16,net5
03/26/2017,1.732,220.93,T6,B2,16,net5
03/26/2017,2.018,221.617,T6,B3,16,net5
03/26/2017,2.036,221.359,T6,B3,16,net5
03/26/2017,2.054,220.991,T6,B3,16,net5
03/26/2017,2.882,209.41,T6,C1,21,net5
03/26/2017,2.902,208.327,T6,C1,21,net5
03/26/2017,2.923,207.382,T6,C1,21,net5
03/26/2017,3.164,204.197,T6,C2,21,net5
03/26/2017,3.183,205.392,T6,C2,21,net5
03/26/2017,3.203,206.278,T6,C2,21,net5
03/26/2017,3.61,212.069,T6,C3,21,net5
03/26/2017,3.626,211.82,T6,C3,21,net5
03/26/2017,3.644,211.849,T6,C3,21,net5